vocab_size,batch_size,context_length,d_model,num_layers,num_heads,d_ff,warmup_steps,timestamp,forward_time,backward_time
10000,4,1024,768,12,12,3072,5,2026-01-25T14:26:59.564024,0.11841698099851783,0.29892829099844676
10000,4,1024,768,12,12,3072,5,2026-01-27T22:31:57.632893,0.11899318400537595,0.2841426949889865
10000,4,1024,768,12,12,3072,5,2026-01-27T22:32:41.550131,0.11893197800964117,0.2821029940096196
10000,4,1024,768,12,12,3072,5,2026-01-27T22:35:50.141533,0.11857688700547442,0.26841428998159245
10000,4,1024,768,12,12,3072,5,2026-01-27T22:45:55.239030,0.10905493699829094,0.2793752370052971
10000,4,1024,768,12,12,3072,5,2026-01-27T22:47:09.835371,0.10922539499006234,0.2708646170212887
10000,4,1024,768,12,12,3072,5,2026-01-27T22:50:24.984230,0.09988524799700826,0.27665833599166945
10000,4,1024,768,12,12,3072,5,2026-01-27T22:57:39.452177,0.13335461399401538,0.3330632020079065
10000,4,1024,768,12,12,3072,5,2026-01-27T23:00:16.172280,0.12477393899462186,0.3350305059866514
10000,4,1024,768,12,12,3072,5,2026-01-27T23:29:01.607459,0.12379149199114181,0.03506872500292957
10000,4,1024,768,12,12,3072,5,2026-01-28T22:47:07.609609,0.12130017799790949,0.03163824800867587
10000,4,1024,768,12,12,3072,5,2026-01-28T22:53:51.698645,0.12049045599997044,0.30764932197052985,0.031437472032848746
10000,4,1024,768,12,12,3072,5,2026-01-28T23:28:18.518436,0.1322159770061262,0.34970826900098473,0.03362542303511873
10000,4,1024,768,12,12,3072,5,2026-01-29T21:56:35.173858,0.13399806300003547,0.3645175989950076,0.036857514998700935
10000,4,1024,768,12,12,3072,5,2026-01-29T22:14:48.540701,0.13396275500417687,0.33869295400654664,0.03562445599527564
10000,4,1024,768,12,12,3072,5,2026-01-29T22:15:47.491535,0.13177916599670425,0.3382053059976897,0.03497461599909002
10000,4,1024,768,12,12,3072,5,False,2026-02-04T09:18:33.100514,0.12355900200782344,0.3375461600080598,0.032465515003423207
10000,4,1024,768,12,12,3072,5,True,2026-02-04T09:18:59.118762,0.18513054901268333,0.22739112899580505,0.03022212299401872
10000,1,1024,1024,4096,24,16,5,False,2026-02-04T09:22:19.164075,0.11091184100951068,0.2919491609936813,0.0694046839926159
10000,1,1024,1024,4096,24,16,5,True,2026-02-04T09:22:46.806528,0.17951035799342208,0.21774345298763365,0.07034766799188219
10000,1,1024,1024,4096,24,16,5,False,False,2026-02-05T22:27:46.257480,0.10372976499638753,0.27414777699596016,0.06633676800265675
10000,1,1024,1024,4096,24,16,5,False,True,2026-02-05T22:34:51.580228,0.12096144600218395,0.27927890699356794,0.06633378699916648
10000,1,1024,1024,4096,24,16,5,False,True,2026-02-05T22:36:40.994414,0.08768403899739496,0.21916485000110697,0.052002268996147905
10000,1,128,1024,4096,24,16,5,False,True,2026-02-05T22:39:26.030960,0.02248250999400625,0.10002408600121271,0.06766512199828867
10000,1,128,1024,4096,24,16,5,False,True,2026-02-05T22:40:55.697379,0.023643241998797748,0.08739449200220406,0.05207825000252342
10000,1,256,1024,4096,24,16,5,False,True,2026-02-05T22:41:19.726098,0.03180238099594135,0.09435200999723747,0.05939730899990536
10000,1,512,1024,4096,24,16,5,False,True,2026-02-05T22:41:37.575301,0.040930101997219026,0.11494226600188995,0.05231346399523318
